{"ALL": {"ADULT": {"Grad_la_nu": [Infinity, 0.08935432770584281]}, "ASC_EMP": {"Grad_la_nu": [Infinity, 0.10055475827454184]}, "ASC_INC": {"Grad_la_nu": [Infinity, 0.010366537355244164]}, "ASC_MOB": {"Grad_la_nu": [Infinity, 0.07910549501622108]}, "ASC_PUC": {"Grad_la_nu": [Infinity, 0.14489466181611563]}, "ASC_TRA": {"Grad_la_nu": [Infinity, 0.01711854690847107]}, "BAF": {"Grad_la_nu": [Infinity, 0.007030865226121497]}}, "P": {"ADULT": {"Grad_la_nu": [0.021263184469845264, 0.0768]}, "ASC_EMP": {"Grad_la_nu": [0.033812059363928657, 0.0951]}, "ASC_INC": {"Grad_la_nu": [0.0004934903160130205, 0.0101]}, "ASC_MOB": {"Grad_la_nu": [0.027199806203451447, 0.061]}, "ASC_PUC": {"Grad_la_nu": [0.06140712805819812, 0.1298]}, "ASC_TRA": {"Grad_la_nu": [0.0007853296700418844, 0.0167]}, "BAF": {"Grad_la_nu": [0.0008606477816723158, 0.0038]}}}